{
    "error": {
        "CDS400BUS": {
            "httpcode": 400,
            "code": "CDS400BUS",
            "title": "Business Validation Error",
            "detail": "Invalid input data"
        },
        "CDS400SCM": {
            "httpcode": 400,
            "code": "CDS400SCM",
            "title": "Schema Validation Error",
            "detail": "Invalid input data"
        },
        "CDS405": {
            "httpcode": 405,
            "code": "CDS405",
            "title": "Method not found",
            "detail": "Invalid method"
        },
        "CDS415": {
            "httpcode": 415,
            "code": "CDS415",
            "title": "Unsupported Media Type",
            "detail": "Unsupported Content"
        },
        "CDS406": {
            "httpcode": 406,
            "code": "CDS406",
            "title": "Unsupported Accept Header",
            "detail": "Invalid Accept value"
        },
        "CDS425": {
            "httpcode": 425,
            "code": "CDS425",
            "title": "Processing is in progress ",
            "detail": "CDR Cache refresh is already in progress"
        },
        "CDS500GEN": {
            "httpcode": 500,
            "code": "CDS500GEN",
            "title": "Generic Application Error",
            "detail": "Unknown error"
        },
        "CDS500IGE": {
            "httpcode": 500,
            "code": "CDS500IGE",
            "title": "Generic Application Error",
            "detail": "Failed in service implementation"
        },
        "CDS500PSD": {
            "httpcode": 500,
            "code": "CDS500PSD",
            "title": "Postgres Service Error",
            "detail": "Failed in Postgres Service"
        },
        "CDS500PSERR": {
            "httpcode": 500,
            "code": "CDS500PSERR",
            "title": "Postgres DB Fetch Error",
            "detail": "Failed in Postgres DB Extract Service"
        },
        "CDS422IGE": {
            "httpcode": 422,  
            "code": "CDS422IGE",
            "title": "Generic Application Error",
            "detail": "Failed in service implementation"
     
        },
        "CDS422BUS": {
            "httpcode": 422,
            "code": "CDS422BUS",
            "title": "Unprocessable Entity",
            "detail": "Invalid input data"
        }

    },
    "ValidateContentTypes": true,
    "ValidateAccepts": true
}
