{
  "tests": {
    "dip-core:": [
      {
        "title": "success case",
        "err": false,
        "duration": 130
      },
      {
        "title": "failure case - backend endpoint failes",
        "err": false,
        "duration": 1
      },
      {
        "title": "success case - custom backend function",
        "err": false,
        "duration": 1
      },
      {
        "title": "failure case - operation specific rule fails",
        "err": false,
        "duration": 2
      },
      {
        "title": "ErrorHandler.preResponse - Success - no error scenario",
        "err": false,
        "duration": 1
      },
      {
        "title": "ErrorHandler.preResponse - Success - pattern based validation failure - 400",
        "err": false,
        "duration": 2
      },
      {
        "title": "ErrorHandler.preResponse - Success - pattern based validation failure - 404",
        "err": false,
        "duration": 1
      },
      {
        "title": "ErrorHandler.preResponse - Success - pattern based validation failure - 503",
        "err": false,
        "duration": 1
      },
      {
        "title": "ErrorHandler.preResponse - Success - pattern based validation failure - 401",
        "err": false,
        "duration": 1
      },
      {
        "title": "content type validation fails",
        "err": false,
        "duration": 0
      },
      {
        "title": "accept header validation fails",
        "err": false,
        "duration": 0
      }
    ]
  },
  "duration": 171,
  "leaks": [],
  "coverage": {
    "sloc": 102,
    "hits": 89,
    "misses": 13,
    "percent": 87.25490196078431,
    "externals": 0,
    "files": [
      {
        "filename": "backend.js",
        "percent": "90",
        "hits": 9,
        "misses": 1,
        "sloc": 10,
        "source": {
          "1": {
            "source": "/* eslint-disable max-len */",
            "miss": false
          },
          "2": {
            "source": "const rp = require('request-promise');",
            "hits": 1,
            "miss": false
          },
          "3": {
            "source": "const Boom = require('boom');",
            "hits": 1,
            "miss": false
          },
          "4": {
            "source": "",
            "miss": false
          },
          "5": {
            "source": "exports.invoke = async function(request, transformedRequest, h) {",
            "hits": 1,
            "miss": false
          },
          "6": {
            "source": "  try {",
            "miss": false
          },
          "7": {
            "source": "    const restResp = await rp(transformedRequest.uri, transformedRequest.options);",
            "hits": 2,
            "miss": false
          },
          "8": {
            "source": "    return restResp;",
            "hits": 2,
            "miss": false
          },
          "9": {
            "source": "  } catch (err) {",
            "miss": false
          },
          "10": {
            "source": "    throw Boom.serverUnavailable(err);",
            "hits": 0,
            "miss": true
          },
          "11": {
            "source": "  }",
            "miss": false
          },
          "12": {
            "source": "};",
            "miss": false
          },
          "13": {
            "source": "",
            "miss": false
          }
        },
        "externals": null,
        "segments": [],
        "basename": "backend.js",
        "percentClass": "high"
      },
      {
        "filename": "pattern.js",
        "percent": "85.42",
        "hits": 41,
        "misses": 7,
        "sloc": 48,
        "source": {
          "1": {
            "source": "/* eslint-disable max-len */",
            "miss": false
          },
          "2": {
            "source": "const fs = require('fs');",
            "hits": 1,
            "miss": false
          },
          "3": {
            "source": "const path = require('path');",
            "hits": 1,
            "miss": false
          },
          "4": {
            "source": "const Validator = require('validatorjs');",
            "hits": 1,
            "miss": false
          },
          "5": {
            "source": "const backend = require('../dip-core/backend');",
            "hits": 1,
            "miss": false
          },
          "6": {
            "source": "const ErrorHandler = require('./utils/ErrrorHandler');",
            "hits": 1,
            "miss": false
          },
          "7": {
            "source": "const dipconfig = require('./config/dipconfig.json');",
            "hits": 1,
            "miss": false
          },
          "8": {
            "source": "const appconfig = require(path.resolve(__dirname, '../config/appconfig.json'));",
            "hits": 1,
            "miss": false
          },
          "9": {
            "source": "",
            "miss": false
          },
          "10": {
            "source": "exports.pattern = async function(request, h, backendFn) {",
            "hits": 1,
            "miss": false
          },
          "11": {
            "source": "  request.logger.info('serving operation:', request.operationId);",
            "miss": false
          },
          "12": {
            "source": "  // common cds specific business validations",
            "miss": false
          },
          "13": {
            "source": "  if (fs.existsSync(path.resolve(__dirname, './config/CDSRules.js'))) {",
            "chunks": [
              {
                "source": "  if (",
                "column": 0
              },
              {
                "source": "fs.existsSync(path.resolve(__dirname, './config/CDSRules.js'))",
                "miss": "true",
                "column": 6
              },
              {
                "source": ") {",
                "column": 68
              }
            ],
            "hits": 6,
            "miss": true
          },
          "14": {
            "source": "    const rules = require('./config/CDSRules.js');",
            "hits": 6,
            "miss": false
          },
          "15": {
            "source": "    const validation = await new Validator(request, rules.rules);",
            "hits": 6,
            "miss": false
          },
          "16": {
            "source": "    if (validation.fails()) {",
            "chunks": [
              {
                "source": "    if (",
                "column": 0
              },
              {
                "source": "validation.fails()",
                "miss": "false",
                "column": 8
              },
              {
                "source": ") {",
                "column": 26
              }
            ],
            "hits": 6,
            "miss": true
          },
          "17": {
            "source": "      request.logger.error('business validation failed:', validation.errors);",
            "hits": 0,
            "miss": true
          },
          "18": {
            "source": "      throw ErrorHandler.raiseError('CDS400BUS', validation.errors);",
            "hits": 0,
            "miss": true
          },
          "19": {
            "source": "    }",
            "miss": false
          },
          "20": {
            "source": "  }",
            "miss": false
          },
          "21": {
            "source": "",
            "miss": false
          },
          "22": {
            "source": "  if (appconfig.ValidateContentTypes && request.method == 'post' && request.headers['content-type'] && dipconfig['Valid-Content-Types'].indexOf(request.headers['content-type'].toLowerCase()) == -1) {",
            "chunks": [
              {
                "source": "  if (",
                "column": 0
              },
              {
                "source": "appconfig.ValidateContentTypes",
                "miss": "true",
                "column": 6
              },
              {
                "source": " && request.method == 'post' && request.headers['content-type'] && ",
                "column": 36
              },
              {
                "source": "dipconfig['Valid-Content-Types'].indexOf(request.headers['content-type'].toLowerCase()) == -1",
                "miss": "true",
                "column": 103
              },
              {
                "source": ") {",
                "column": 196
              }
            ],
            "hits": 6,
            "miss": true
          },
          "23": {
            "source": "    throw ErrorHandler.raiseError('CDS415', 'Invalid content-type header');",
            "hits": 1,
            "miss": false
          },
          "24": {
            "source": "  }",
            "miss": false
          },
          "25": {
            "source": "  if (appconfig.ValidateAccepts && request.headers['accept'] && request.headers['accept'] != '*/*' && dipconfig['Valid-Accepts'].indexOf(request.headers['accept'].toLowerCase()) == -1) {",
            "chunks": [
              {
                "source": "  if (",
                "column": 0
              },
              {
                "source": "appconfig.ValidateAccepts",
                "miss": "true",
                "column": 6
              },
              {
                "source": " && request.headers['accept'] && ",
                "column": 31
              },
              {
                "source": "request.headers['accept'] != '*/*'",
                "miss": "true",
                "column": 64
              },
              {
                "source": " && ",
                "column": 98
              },
              {
                "source": "dipconfig['Valid-Accepts'].indexOf(request.headers['accept'].toLowerCase()) == -1",
                "miss": "true",
                "column": 102
              },
              {
                "source": ") {",
                "column": 183
              }
            ],
            "hits": 5,
            "miss": true
          },
          "26": {
            "source": "    throw ErrorHandler.raiseError('CDS406', 'Invalid accept header');",
            "hits": 1,
            "miss": false
          },
          "27": {
            "source": "  }",
            "miss": false
          },
          "28": {
            "source": "",
            "miss": false
          },
          "29": {
            "source": "  // operation specific business validations",
            "miss": false
          },
          "30": {
            "source": "  if (fs.existsSync(path.resolve(__dirname, '../config/rules/' + request.operationId + 'Rules.js'))) {",
            "chunks": [
              {
                "source": "  if (",
                "column": 0
              },
              {
                "source": "fs.existsSync(path.resolve(__dirname, '../config/rules/' + request.operationId + 'Rules.js'))",
                "miss": "true",
                "column": 6
              },
              {
                "source": ") {",
                "column": 99
              }
            ],
            "hits": 4,
            "miss": true
          },
          "31": {
            "source": "    const rules = require('../config/rules/' + request.operationId + 'Rules');",
            "hits": 4,
            "miss": false
          },
          "32": {
            "source": "    const validation = await new Validator(request, rules.rules);",
            "hits": 4,
            "miss": false
          },
          "33": {
            "source": "    if (validation.fails()) {",
            "hits": 4,
            "miss": false
          },
          "34": {
            "source": "      request.logger.error('business validation failed:', validation.errors);",
            "hits": 1,
            "miss": false
          },
          "35": {
            "source": "      throw ErrorHandler.raiseError('CDS400BUS', validation.errors);",
            "hits": 1,
            "miss": false
          },
          "36": {
            "source": "    }",
            "miss": false
          },
          "37": {
            "source": "  }",
            "miss": false
          },
          "38": {
            "source": "",
            "miss": false
          },
          "39": {
            "source": "  const mapper = require('../config/mappers/' + request.operationId + 'Mapper');",
            "hits": 3,
            "miss": false
          },
          "40": {
            "source": "  request.logger.info('mapper acquired.');",
            "hits": 3,
            "miss": false
          },
          "41": {
            "source": "  const transformedRequest = await mapper.reqMap(request);",
            "hits": 3,
            "miss": false
          },
          "42": {
            "source": "  request.logger.info('mapped backend request');",
            "hits": 3,
            "miss": false
          },
          "43": {
            "source": "  let backendResp;",
            "hits": 3,
            "miss": false
          },
          "44": {
            "source": "  if (backendFn) {",
            "hits": 3,
            "miss": false
          },
          "45": {
            "source": "    request.logger.info('invoking custom backend.');",
            "hits": 1,
            "miss": false
          },
          "46": {
            "source": "    backendResp = await backendFn(request, transformedRequest, h);",
            "hits": 1,
            "miss": false
          },
          "47": {
            "source": "  } else {",
            "miss": false
          },
          "48": {
            "source": "    request.logger.info('invoking default backend');",
            "hits": 2,
            "miss": false
          },
          "49": {
            "source": "    backendResp = await backend.invoke(request, transformedRequest);",
            "hits": 2,
            "miss": false
          },
          "50": {
            "source": "  }",
            "miss": false
          },
          "51": {
            "source": "  request.logger.info('backend response:');",
            "hits": 3,
            "miss": false
          },
          "52": {
            "source": "  const transformedResponse = await mapper.respMap(request, backendResp);",
            "hits": 3,
            "miss": false
          },
          "53": {
            "source": "  request.logger.info('mapped backend response:');",
            "hits": 3,
            "miss": false
          },
          "54": {
            "source": "  return h.response(JSON.parse(transformedResponse));",
            "hits": 3,
            "miss": false
          },
          "55": {
            "source": "};",
            "miss": false
          },
          "56": {
            "source": "",
            "miss": false
          }
        },
        "externals": null,
        "segments": [],
        "basename": "pattern.js",
        "percentClass": "high"
      },
      {
        "filename": "config/CDSRules.js",
        "percent": "100",
        "hits": 2,
        "misses": 0,
        "sloc": 2,
        "source": {
          "1": {
            "source": "exports.rules = {",
            "hits": 1,
            "miss": false
          },
          "2": {
            "source": "};",
            "miss": false
          },
          "3": {
            "source": "",
            "miss": false
          }
        },
        "externals": null,
        "segments": [
          "config"
        ],
        "basename": "CDSRules.js",
        "percentClass": "high",
        "dirname": "config/"
      },
      {
        "filename": "utils/ErrrorHandler.js",
        "percent": "88.10",
        "hits": 37,
        "misses": 5,
        "sloc": 42,
        "source": {
          "1": {
            "source": "/* eslint-disable max-len */",
            "miss": false
          },
          "2": {
            "source": "const Boom = require('boom');",
            "hits": 1,
            "miss": false
          },
          "3": {
            "source": "const path = require('path');",
            "hits": 1,
            "miss": false
          },
          "4": {
            "source": "const appconfig = require(path.resolve(__dirname, '../../config/appconfig.json'));",
            "hits": 1,
            "miss": false
          },
          "5": {
            "source": "",
            "miss": false
          },
          "6": {
            "source": "exports.raiseError = function(appErrorCode, meta, response) {",
            "hits": 1,
            "miss": false
          },
          "7": {
            "source": "  let boomError;",
            "miss": false
          },
          "8": {
            "source": "  if (appconfig && appconfig.error && appconfig.error[appErrorCode]) {",
            "chunks": [
              {
                "source": "  if (",
                "column": 0
              },
              {
                "source": "appconfig",
                "miss": "true",
                "column": 6
              },
              {
                "source": " && ",
                "column": 15
              },
              {
                "source": "appconfig.error",
                "miss": "true",
                "column": 19
              },
              {
                "source": " && ",
                "column": 34
              },
              {
                "source": "appconfig.error[appErrorCode]",
                "miss": "true",
                "column": 38
              },
              {
                "source": ") {",
                "column": 67
              }
            ],
            "hits": 6,
            "miss": true
          },
          "9": {
            "source": "    if (response && response.isBoom) {",
            "chunks": [
              {
                "source": "    if (response && ",
                "column": 0
              },
              {
                "source": "response.isBoom",
                "miss": "true",
                "column": 20
              },
              {
                "source": ") {",
                "column": 35
              }
            ],
            "hits": 6,
            "miss": true
          },
          "10": {
            "source": "      boomError = response;",
            "hits": 3,
            "miss": false
          },
          "11": {
            "source": "    } else {",
            "miss": false
          },
          "12": {
            "source": "      boomError = Boom.badRequest('');",
            "hits": 3,
            "miss": false
          },
          "13": {
            "source": "    }",
            "miss": false
          },
          "14": {
            "source": "    boomError.output.statusCode = appconfig.error[appErrorCode].httpcode;",
            "hits": 6,
            "miss": false
          },
          "15": {
            "source": "    delete boomError.output.payload.error;",
            "hits": 6,
            "miss": false
          },
          "16": {
            "source": "    delete boomError.output.payload.message;",
            "hits": 6,
            "miss": false
          },
          "17": {
            "source": "    boomError.output.payload.error = [];",
            "hits": 6,
            "miss": false
          },
          "18": {
            "source": "",
            "miss": false
          },
          "19": {
            "source": "    const errInstance = {};",
            "hits": 6,
            "miss": false
          },
          "20": {
            "source": "    errInstance.code = appconfig.error[appErrorCode].code; ;",
            "hits": 6,
            "miss": false
          },
          "21": {
            "source": "    errInstance.title = appconfig.error[appErrorCode].title;",
            "hits": 6,
            "miss": false
          },
          "22": {
            "source": "    errInstance.detail = appconfig.error[appErrorCode].detail;",
            "hits": 6,
            "miss": false
          },
          "23": {
            "source": "    errInstance.meta = meta;",
            "hits": 6,
            "miss": false
          },
          "24": {
            "source": "",
            "miss": false
          },
          "25": {
            "source": "    // TODO: update this code to accomodate multiple error objects",
            "miss": false
          },
          "26": {
            "source": "    boomError.output.payload.error.push(errInstance);",
            "hits": 6,
            "miss": false
          },
          "27": {
            "source": "",
            "miss": false
          },
          "28": {
            "source": "    delete boomError.output.payload.statusCode;",
            "hits": 6,
            "miss": false
          },
          "29": {
            "source": "    throw boomError;",
            "hits": 6,
            "miss": false
          },
          "30": {
            "source": "  }",
            "miss": false
          },
          "31": {
            "source": "};",
            "miss": false
          },
          "32": {
            "source": "const raiseError = module.exports.raiseError = this.raiseError;",
            "hits": 1,
            "miss": false
          },
          "33": {
            "source": "",
            "miss": false
          },
          "34": {
            "source": "exports.preResponse = function(request, h) {",
            "hits": 1,
            "miss": false
          },
          "35": {
            "source": "  const response = request.response;",
            "miss": false
          },
          "36": {
            "source": "  if (!response.isBoom) {",
            "hits": 5,
            "miss": false
          },
          "37": {
            "source": "    return h.continue;",
            "hits": 1,
            "miss": false
          },
          "38": {
            "source": "  }",
            "miss": false
          },
          "39": {
            "source": "",
            "miss": false
          },
          "40": {
            "source": "  if (response.output.statusCode == 400 && !Array.isArray(response.output.payload.error)) {",
            "chunks": [
              {
                "source": "  if (response.output.statusCode == 400 && ",
                "column": 0
              },
              {
                "source": "!Array.isArray(response.output.payload.error)",
                "miss": "true",
                "column": 43
              },
              {
                "source": ") {",
                "column": 88
              }
            ],
            "hits": 4,
            "miss": true
          },
          "41": {
            "source": "    throw raiseError('CDS400SCM', response.output.payload.message, response);",
            "hits": 1,
            "miss": false
          },
          "42": {
            "source": "  }",
            "miss": false
          },
          "43": {
            "source": "",
            "miss": false
          },
          "44": {
            "source": "  if (response.output.statusCode == 404 && !Array.isArray(response.output.payload.error)) {",
            "chunks": [
              {
                "source": "  if (response.output.statusCode == 404 && ",
                "column": 0
              },
              {
                "source": "!Array.isArray(response.output.payload.error)",
                "miss": "true",
                "column": 43
              },
              {
                "source": ") {",
                "column": 88
              }
            ],
            "hits": 3,
            "miss": true
          },
          "45": {
            "source": "    throw raiseError('CDS405', response.output.payload.message, response);",
            "hits": 1,
            "miss": false
          },
          "46": {
            "source": "  }",
            "miss": false
          },
          "47": {
            "source": "",
            "miss": false
          },
          "48": {
            "source": "  if (response.output.statusCode == 503 && !Array.isArray(response.output.payload.error)) {",
            "chunks": [
              {
                "source": "  if (response.output.statusCode == 503 && ",
                "column": 0
              },
              {
                "source": "!Array.isArray(response.output.payload.error)",
                "miss": "true",
                "column": 43
              },
              {
                "source": ") {",
                "column": 88
              }
            ],
            "hits": 2,
            "miss": true
          },
          "49": {
            "source": "    throw raiseError('CDS500GEN', 'generic application error', response);",
            "hits": 1,
            "miss": false
          },
          "50": {
            "source": "  }",
            "miss": false
          },
          "51": {
            "source": "",
            "miss": false
          },
          "52": {
            "source": "  return request.response;",
            "hits": 1,
            "miss": false
          },
          "53": {
            "source": "};",
            "miss": false
          },
          "54": {
            "source": "",
            "miss": false
          }
        },
        "externals": null,
        "segments": [
          "utils"
        ],
        "basename": "ErrrorHandler.js",
        "percentClass": "high",
        "dirname": "utils/"
      }
    ]
  },
  "lint": [
    {
      "filename": "backend.js",
      "errors": [],
      "totalErrors": 0,
      "totalWarnings": 0,
      "errorClass": "high",
      "warningClass": "high"
    },
    {
      "filename": "config/CDSRules.js",
      "errors": [],
      "totalErrors": 0,
      "totalWarnings": 0,
      "errorClass": "high",
      "warningClass": "high"
    },
    {
      "filename": "coreManifest.js",
      "errors": [],
      "totalErrors": 0,
      "totalWarnings": 0,
      "errorClass": "high",
      "warningClass": "high"
    },
    {
      "filename": "pattern.js",
      "errors": [],
      "totalErrors": 0,
      "totalWarnings": 0,
      "errorClass": "high",
      "warningClass": "high"
    },
    {
      "filename": "sonar-project.js",
      "errors": [],
      "totalErrors": 0,
      "totalWarnings": 0,
      "errorClass": "high",
      "warningClass": "high"
    },
    {
      "filename": "tests/unit-tests/core.js",
      "errors": [],
      "totalErrors": 0,
      "totalWarnings": 0,
      "errorClass": "high",
      "warningClass": "high"
    },
    {
      "filename": "utils/ErrrorHandler.js",
      "errors": [],
      "totalErrors": 0,
      "totalWarnings": 0,
      "errorClass": "high",
      "warningClass": "high"
    },
    {
      "filename": "utils/plugin-fapi-headers.js",
      "errors": [],
      "totalErrors": 0,
      "totalWarnings": 0,
      "errorClass": "high",
      "warningClass": "high"
    },
    {
      "filename": "utils/plugin-xv-header.js",
      "errors": [],
      "totalErrors": 0,
      "totalWarnings": 0,
      "errorClass": "high",
      "warningClass": "high"
    }
  ]
}